text,label
"""đen khánh vãi nhớ dai vl""",0
"""nguyễn đình anh tởm vl""",1
"chơi với thằng nào cũng được,trừ thằng tàu cộng ra,ok",1
"""bà đos có khối tài sản triệu đô""",0
đơm chết mẹ nó liền :)),1
ba sắp được nút bạc thưa 2 chưa?,0
trường giang nói mới tỉnh ra bạn à. chứ đâu ai ác như chị nhung bạn nói chết bh mới là mấy người xung quanh kìa haha.,1
e đâu biết chị minh hiếu là ai đâu...sao m xạo lồn quá vậy cđl,1
tội nghiệp con này nghiệp nó nặng quá nó chết hết đầu thai,1
"""đụ ad sẽ thành fan cứng""",1
"""cl cũng có ngoan vcc cứng vl""",1
thật tàn độc!!!!,0
"""lực thân thiện melywin uy tín và xanh chín ai còn thức vào hết đây nào anh em bơm xả mely siêu tốc cùng anh dung dn shoptn gọi ngay""",0
quần què là có thật à. :)))),1
"""link thì eo đưa cứ xàm vl""",1
đủ vui chưa bro ?,0
"chao nha bao tho ta vh lan,chao nha tau hai tran dan ba soc.",0
- cả 2 cũng chỉ ngu như nhau thoii khỏi so sánh :)),1
"""đm buồn ói vl""",1
yêu cô gê á,0
"nguyễn diệu ái thì hồi xưa đã chào kiểu thân thiện vậy rồi, thế mà ng khác bảo mình bậy bah",0
>>>>>>>>>>>>>>>>>>>>>,0
ma no,1
thế máy tính ở đâu mà macro :)) ạ,0
"""uyên phương giận vl""",1
"1000 năm đô hộ giặc tàu, 100 năm đô hộ giặc tây, 20 năm nội chiến từng ngày. đất nước tôi",0
thằng nào ko bầu chọn thầy bắn cm hết,1
"""cán bộ chúng mày lương cao tham nhũng đc nhiều tỉ cho nên có tăng tiền điện nên vài trăm ngàn một tháng cũng chẳng nhằm nhò gì nhưng đối với dân đen thì mất đi là nhiều thứ trong sinh hoạt đấy thằng ngu""",1
"có liên quan chứ thằng ngu, đóng thuế môi trường cao mà khí hậu vẫn ô nhiễm , do chính quyền quản lý xử phạt yếu kém nên bọn xã thải mới lộng hành, tiền thuế thì nó ăn hết, k phục vụ bảo vệ môi trg",1
"""kim nghi biển muối vl""",0
tks thầy nha,0
có sao dùng thế,0
bơ-phẹt,0
"""mấy cái báo nhảm giờ lấy ảnh chỗ khác có cá mập song cx đăng thế bay cx share chửi họ ak ngu vcl""",1
xem bực mình thêm,1
để bố xọc chết con mẹ nó,1
"đm nứng lòn ghê dị hà, ngta đánh đôi 3 đi đánh đôi heo, dừa lòn",1
trần công luận đem đi tử hình cho nó lẹ phạt chi cho nó mệt,1
k-icm là ca sĩ? diễn viên hay ca sĩ?,0
"""ông ngoại tao để chân đbp ông tao vẫn sống và vẫn kể về thời hào hùng của ông đứa nào bảo ông tao chém tao đấm sml""",1
trần nhật  m đọc lại cmt xem t ns đúng hay sai mà m ns t như con bò ở quê m,1
‍,0
nguyễn quốc an cà khịa hay,0
"hậu quả cuộc nhồi sọ kinh khủng lắm, sẽ có những thành phần bay vào đây cắn ad đấy =)), mình cũng đã bị nhồi như thế và cũng may gia đình mình là miền nam rặt nên mình dễ dàng thoát ra được nên mình hiểu. khi mà các tổ chức có chung mục đích ko thể liên kết với nhau thì còn lâu lắm mới tìm lại được nền cộng hoà ngày ấy",1
"""huân hoàng nguyễn lê nghe đồn đang định lăn""",0
dân có ai chọn chắc thần kinh có vấn đề,1
nghe giọng lứng quá abe,1
"""nguyễn đức gia bảo vl""",0
cũng may là nữa đêm chứ ngay giờ cao điểm thì rút kinh nghiệm ngu cmn người :v,1
"""ngọc bách ngta bl như thế mà mày nghe đéo hiểu""",1
"""stan loona sở thích ad giống mình vl cíu""",1
"""đường tô hiệu quận tân phú""",0
xàm lồn quá thằng bóng ơi,1
"chế độ tốt sinh ra con người tốt . hết xả súng da đen , trẻ em , cs mỹ lại làm 3 cái trò này ..",1
tăng lương cho edit abe ơi :)))),0
"""báo nói phet gà to vậy lần chỉ lấy con là căng lằn chỉ lấy con ông nội nhà mày củng ko vác đuọc tổ cha thằng nhà báo nói phét""",1
j thế ?,0
phe khoang qua ma oi,0
"dương trần cm thế thì tiền thuốc men lại đổ xuống sông xuống bể, lại còn tặng thêm tin cho lũ phản động xuyên tạc",1
"về cơ bản làm cán bộ ở vn dễ vl ra ấy cứ việc nghĩ ra ý kiến linh tinh giống như việc cải cách giáo dục thi đại học ,đề nghị giảm học phí cho con e ca , ngực lép ko lái xe , hay bộ y tế đề nghị thay áo blu , giờ thì bình chữa cháy v .v và v cứ nêu vd ra nếu dân ko có ý kiến gì thì làm nếu chửi cho thì lại thôi éo cần phải động não",1
"""có biển số xe mà nhờ các cụ tinh mắt nhanh tay xem tuệ này đâu chúng tưởng mình là ai chứ con chó ỉa cọ tìm chỗ giấu phân""",1
"- lần này ông già mang đi tận 5 vali tiền cô chú ạ, kh cần phải lo đâu.",0
"ừ, tập trận nhiều vào, khi nào nhờ quân mỹ lấy đc bãi cạn thì post lên nhé",0
"bố này bênh tầu cộng và chống lại nhân dân hk đây. chả thế mà lại kêu gọi không can thiệp khi cảnh sát trung cộng xịt vòi rồng, bắn đạn hơi cay vào dân hk . kêu gọi k can thiệp khi trung cộng dày xéo lên nền dân chủ của người hk .... túm lại là đang ủng hộ bạo quyền",1
nguyễn long vlin thật lun á bọn vô ý thức,1
"""bây giờ nhiều thể loại tha cả bỉm cứt của con đến tận quán hát để biêú gái thiếu mấy con phò này thì bia nó nhạt mồm nhạt miệng tay chân ngứa ngáy xem thường vợ con nhà thì mồm cứ nói lèo lèo như nước nhớt cũng một cái chết mà chết nhục chết nhã mang tiếng để đời cho bay chết mẹ bây hết đi khổ vợ khổ con""",1
"""tao nhớ bên thuỳ trang nguyễn bên mình tìm nguoi cứu con này ra mà sao giờ chửi nhu chó vậy""",1
"""ko phải nói thích ăn thịt chó mà""",0
"""tiền của bạn phải thuộc về bạn đó là trách nhiệm của chúng tôi ai cần alo nhé""",0
"""tiếc nó có phúc có đứa bạn thân tốt như mình nhưng nó chê mình chẳng khác gì con chó""",1
mày đéo xứng đáng làm người dân nam định,1
"nếu vậy lên báo chí nhỉ, sao ko ém luôn?? ở anh hay mỹ cũng có mấy ông nội vì lợi ích cá nhân mà ảnh hưởng người dân, sao thằng chó ad này ko bảo cocc?? hay thằng ad này phản động theo thằng mỹ",1
như con bóng dạ.:)),1
cực kỳ thuyết phục,0
phát thịnh thầy tui như thằng xì ke.,1
lê thuần triệu official bóng dơ này bán đồ giả nhe bạn nó khịa minh hiếu nên fan tag minh hiếu vào nhé,1
ngo boingoc giống bên úc lợn. tự cách ly nên mới có chuyện dương tính vẫn đi siêu thị shopping. đang chờ kqua xét nghiệm vẫn đi hoà nhạc  vl dân chủ. nghĩ nó chán,1
"""tran thanh sang mua tặng mỗi đứa cái nha tao size xl""",0
k phải anti nhưng sao mình thấy nhạc của jack k hay ta? ngấm k nổi,0
nguyễn thiên ngọc không hay hơn mấy bài trước :)),0
trần bắc hà cũng chết trong tù đó!,1
sa sỉ phẩm k đánh thuế mạnh thì để làm ccc gì :v,1
"""bình bình chị bị ung thư anh vẫn kề cạnh chăm sóc thấy chị tự ti anh cũng cạo đi mái tóc của mình cuộc đời có phải chỉ cần một người bên cạnh mình mọi lúc khó khăn gian khó vầy là đủ rồi không nguồn""",0
"""phạm thái tú uyên định mệnh""",0
ai cung dich corona sau con nho nay khong bi vay ta do khung,1
deoooo nhaa thầy,1
hầu như các ca nhiễm bệnh toàn đi từ nước ngoài về nhỉ ??? lúc mọi người về có nghĩ đến an toàn của bản thân cũng như mọi người ko nhỉ?? hay não bị vi rút ăn hết cmnr,1
"""vl chịu""",0
bảo hiểm thì nước đ' nào chả phải nộp :v tai nạn ra ai thanh toán :v bóp cái tít cũng ngu :v,1
nhục mặt chửi nhau roi giờ chơi nhau chửi mướn đề con vk trả tien kaaaaaa,1
ý thức của chị còn thấp hơn cả điểm hoá của em,1
"""đúng là mấy bà đéo biết lonque nói cũng đéo hiểu lonque""",1
inoue kido photoshop,0
"""tui nay dang lua ca chinh phu neu dung cach chuc dam cong thuong giai the nganh dien nay luon di""",0
mặc kiểu này là tao cá ổng vừa ỉa xong . đéo thể khác được,1
uầy chơi gắt thế :)))),0
doanh nghiệp thì cũng là dân. nói chính xác là lấy đất của người này giao cho người khác . và quan chức được hưởng lợi từ chênh lệch giá đất cực khủng. đó chính xác là sự cướp bóc.,1
lo quá ạ,0
"""nguyễn thị kim dung gia dụng phòng khách""",0
"đấu đá nhau khốc liệt,giã dối hơn cả xh đen.vì có quyền điều khiển đc dư luận qua báo chí",1
corona ăn mất cái ý thức của chị rồi hả chị ơi :),1
dạng như con mụ bộ y tế khóc khi bệnh nhân uống phải thuốc giả vậy á,1
minh nhật ngã cây à a,0
đkm dơ vc,1
nhớ sinh nhật bố mẹ ng thân trc đi đã r đến ny =)) lại còn nyc cơ mới chịu,0
chi oi cho em chuc di chi,0
"""cúc tắm bé to the group hội buôn bán của các mẹ thành phố ninh bình tắm bé thời tiết giao mùa cứ đang nắng lại mưa làm cho các bạn nhỏ ko kịp trở tay để làm quen với thời tiết chính vì thế mà các bạn phải chịu chung cảnh nghẹt mũi xổ mũi và ho được gọi chung là viêm mũi dị ứng rư mu cho be giu em dê chi hơn vơ di ch mu đa nhơ câ thêm thông tin vê rư mu ca chi cúc tắm bé""",0
dmcs :)),1
trường giang ý mình là họ đều không có ý thức như nhau cả ..biết mình có mang bệnh trong ng mà chẳng chịu đi cách li rồi mang mầm bệnh trong người đi lây sang cho ng khác tội cho ng ta lắmm,1
"cave chịch đc tiền, làm thiếp bị chịch free rồi còn đc đè đầu cưỡi cổ nữa :)))",1
gắt,0
thành học oke chiều xuống =)))),0
"""ban đêm là màn tra tấn kinh khủng nhất với dạ dày đói quá huhu cả ngày chỉ mong đến sáng để ăn haizzz nhiều khi muốn vứt mẹ chế độ giảm cân cho rồi lê võ hà my đói""",0
"""haha chuẩn vl""",0
"""chất""",0
lộn mặt thầy :v,0
những người nói đạo lý toàn chơi mai thuý,0
"""yến huỳnh nhi nguyen chon di""",0
"""hội chứng sợ lỗ đm ám ảnh vl""",1
dụ má,1
lừa minh hiếu còn sủa,1
nhìn anh như con cu ấy,1
trưng dụng sạch rồi còn bằng chứng đâu mà tố cáo xử lý :v,0
trung quoc government la dog have babies !!!,1
ae biết hí là gì ko :),0
"""jong minh sinh vl""",0
"""nhạc nghe bắt tai vl""",1
ngta đẹp và bán hàng có tiếng lâu năm .và đẹp hơn mặt chó,0
"""chắc chym chưa đủ thúi sao nên xg mương ngâm thêm vị""",1
"""trang đoàn ngu vl""",1
"bọn cầu thủ toàn yêu đảng, ủng hộ độc tài ko đấy...ko nhận ra được điều đó à",1
bạo dâm thì chỉ có thg pew thích thôi (trích lời tộc trưởng ),0
cứ như mấy ông trại tâm thần nghịch kiến ấy nhỉ,1
"thầy bói ba cl gì gì vậy thầy, đem con susan ra thế giới à",1
anh tôi nói cái j cx đúng,0
"""đho ruby phạm shared live video to the group chợ online hải phòng sún shop tặng đồng hồ giá chỉ hahak""",0
"""diệp kinh vl""",0
trần sang ổ cc,1
lik đâu dcm,1
"tâm thần có thần linh hướng dẫn ,dám làm .chết nhát thì làm chó đi ,làm nô lệ đi .ông trời đang rây ,lựa lộc ai là con ông trời tài đức văn võ từ bi bác ái ra lảnh đạo quốc gia .ai làm được ? tôi và anh chị .hãy hanh động .toàn người vn nhìn chon lựa đủ tiêu chuẩn ra làm tổng thống thay đổi chế độ csvn.",1
giống abe vailon,1
"""thuy nguyen thuy anh ủng hộ bên chuyên sửa chữa bảo dưỡng xe từ tải đến du lịch sửa chữa đại tu máy gầm đồng sơn sơn dậm chuyên phụ tùng chính hãng điện đèn điện lạnh cứu pan tư vấn tình trạng xe nói chung các cứ lo kiếm tiền còn xe đã có mọi chi tiết liên hệ đường vườn lài an phú đông quận tphcm mr trí""",0
"""hoàngg hiệpp trân châu đen clip dựa trên câu chuyện của bài hát độ ta không độ nàng link bài hát tranchauden tiktok douyin""",0
"""year rùi year nữa có là bao""",0
đợi cc,1
"""giầy trẻ em step up giầy trẻ em step up xỏ ngón crocs literide cho nam nữ mẫu mới nhất onweb chất liệu mới hoàn toàn rất êm size tương đương size giá đổi hàng trong vòng ngày ship hà nội phí tuỳ mức độ xa gần từ trở lên nhận hàng thanh toán ship tỉnh khách ck trước tiền hàng và tiền ship shop không ship cod hàng có sẵn tại yên lãng hà nội đt số thái phiên hà nội đt dd viber on""",0
lại đéo cayy đi,1
indo đã biết danh bác hù từ lâu lắm rồi!,1
"""hôm ngày sale chính trên shopee đang có mã hoàn xu cho mọi đơn hàng bạn cần mua hàng trên shopee đừng bỏ lỡ ngày hôm nay nhé lazada tiki đang có mã hot cho đơn nhà cửa và đơn hàng quốc tế ace quan tâm xem links dưới đây mã giảm giá shopee mã giảm giá lazada mã giảm giá khác""",0
vn chết là vừa.cho dân nó xướng,1
"ko cộng thì cho biết đề, đáp án trc. đâu cũng vào đó thôi! đời...",1
thầy shopping giùm em 1 anh trai mỹ đen với.,0
"phải rồi ông tổ của cộng sản thờ satan , rồi bác hồ yêu quý lại đem sản phẩm của satan đến với người dân vn và đó chính là tư tưởng mác-lê vô thần duy vật vô thần vô tôn giáo",1
rì viu nhà vs đi a :)),0
tại sao abe phải trả lời bạn ?,0
. khá đc,0
"ngọc hải ê, biểu tượng cl của m thành trend bên hàn quốc luôn r kìa..",1
hôm nay bỏ liêm xỉ ra xin 1 like avatar ạ !!,0
ghép làm chó nha ae,1
"""đang chơi lại từ đầu này nhọc vl""",0
đi cầu thì phải cần giấy,0
"""đau bụng nôn khó thở triệu chứng gì đây mới sáng ra mà hải yến scared""",0
giàu mà ý thức như cái đầu cac :),1
"""toàn thành phần hãm phân bực đếch dc vân em is at phúc lộc dương kinh hải phòng""",1
"phạm hoàng vao lau roi ma ong, dc cai mih cug thik chui bay:)))",0
tùng như kiểu con mỏi tay rồi chụp nhanh đê :)),0
mình đã nghiên cứu và kết luận là tại thuỷ triều đỏ nhed,0
du học sinh úc cơ ấy =)),0
máu cộng sản ăn vào người rùi nên vậy.,1
độ yêu trang như khá bảnh yêu vinahouse :)) nhể ?,0
"""đã gọi nhau tiếng anh em không giúp dc nhau cũng đừng bao giờ hại nhau thế nhưng cuộc sống này quân tử thì ít tiểu nhân thì nhiều không có tâm hại người thì cũng phải có tâm phòng người tổ sư thằng rẻ rách hl""",1
"""lúc nào cũng muốn chạy đua với thế giới nhưng mà cái đeo gì cũng tiền tiền đương nhiên là có tiền mới xuất nhập khẩu được mà mấy cái người đầu to tham thâm chỉ biết lao đầu vào việc đi ngược lại với thế giới chả hiểu sao chỉ vào lấy hàng nhập khẩu về mà cũng mấy mấy mẩu cho mấy bác gác làm ăn như cc việt nam mãi mãi trì hậu kém phát triển như con nhộng không muốn tách vỏ tham lam đi ra ngoài khẩu nghiệp nam mô di đà phật""",1
toang cmnr top 4 chưa có mà lại thế lày :)),1
"""vương thị thùy dung lên lớp bàn tông""",0
hát như cái đách lồn dị đó abe:),1
nhìn cái mặt đã thấy biến thái rồi,1
trịnh kiều diễm phúc đi nhật nữa k,0
mất văn hóa..mặc vậy bó tay.....cơm. phong cách như cc người ta.,1
"dcm fb 1tr fl mà cũng cho bay màu dc,giỏi đấy",1
đi ngược với chính sách ngu dân chỉ có chết,1
"đúng là mạng của bọn nó là vàng còn với dân đen như cỏ rác, mong rằng trong đám thối nát sẽ xuất hiện 1vị bao thanh thiên tái sinh.",1
"""trinh lý tiếng trung đài loan cả nhà cùng học từ vựng về hoa quả đồ ăn và việc bếp núc nha""",0
duyên vụ chị gái livetream đấy!,0
anh cái lồnnnn gì cx giỏi mà giỏi nhất là bốc phéttt thôi anh tiệp ak :))),1
minh vân like dn <3,0
sống chậm lại tôi ơi:))))),0
thầy lồn,1
người nhật đã làm cho chủ tịt nguyen đúc chung mất phần ăn !,1
lại nhớ đến hồi đi học có câu hay chửi nhau : '' đã sida còn xông pha đi hiến máu '',0
cô minh hiếu dễ thương vl,0
tao à,0
trưởng thành vì cao hơn,0
"""tui sợ mấy bà thiệttttt rồiiiiii body hút lạ thườngggg quá nhập hộp body về bán vèo hết chơnnnn giờ muốn thêm hop nữa mới nhập body về bán hết đòi lên đại lí luôn đó chèn mi tây em quá xuất sắc còn cô gái nhà phân phối này thì tối hqua mới nhập triệu bnay lên bill triệu kim phạm body đâu có hot đâu không hot vì quá hot""",0
"ta thì nghĩ thằng này là người của tàu cộng, được cử qua đây để làm dư lợn viên, mục đích là làm ảnh hưởng ngôn luận có lợi cho mẫu quốc. vì xưa nay t đều biết rằng cộng sản mạnh nhất ở điểm là tạo ngôn luận ảnh hưởng mọi người. từ đó nó sẽ đủ tư cách đi tạo thế, và nói rằng những thằng có suy nghĩ khác nó tức là khác vs mọi người vì suy nghĩ của nó là của mọi người, tức là đi ngược vs dư luận, tức là phản động",1
thaygiaoba andbancuttt yeu6 thay6`,0
sự trùng hợp :)),0
"""sợ vl""",0
ồ. vậy cái vụ vinashin toàn mấy ôg ngu nhỉ? bạn giỏi thật,1
hài vcl. buồn mà xem video của thầy là muốn tự tử :)),1
đuổi mẹ nó đi thầy,1
gi vay ba.cung nho no di an cap do ba moi co sai do ba hieu oi.kkkk chua thay ai khung nhu ba vay.,1
"""hóa giả lu liêu sứ ba hao""",0
tiểu tiểu ko thích điều này,0
anh trang tính ra hồi đó mình đi trước trend bây giờ,0
nhuận điền e lấy ảnh trên mạng thôi,0
gam thua cái củ cặc nhé !!,1
8 keo đang vật vã với 29 thứ tiếng rồi nên không làm phụ bếp được nữa kaka,1
chị ba trên dú dưới có con cu ai làm lại chị 3,1
"""nguyễn hồng hạnh posted in girl đẹp tựa thiên thần nguyễn thị ngân hà""",0
"riêng tôi vẫn ủng hộ giữ án tử, <nhưng> từ nhưng ấy phải đc áp dụng cho mọi loại tội theo luật hiến pháp qui định & hây đưa trở lại tội <tham nhũng, phản quốc do dung túng ngoại xâm, mua thiết bị quân sự ko đúng yêu cầu.",0
chỉ 3 vàng ngọc như con heo nọc nhà e,1
tôi biết đchi nhé các b haha,0
thằng trung có con *** to lắm,1
"""truong kim loan haha chắc chê cười nhớ mãi ko bao quên vụ trộm ổi ni""",0
loại này cho vài trái sầu riêng vào mặt là còn nhẹ :))),1
nếu anh quang còn tồn tại thì rep cmt e dc k ???,0
nguyễn việt đức đổi tên cũng chẳng giải làm giảm bệnh nhân đâu :((,0
đi học mà xâm hình thầy lol,1
"ông bà mình dạy đâu có sai,thùng rỗng thì khua to quả k sai",0
"""bộ paw patrol hàng nhập đức chỉ còn vài bộ thôi các mẹ ơi sale bộ chất cotton cực đẹp và bền""",0
"""bình maxx nhìn giống mặt vl""",0
"""tuấn nguyễn to the group chợ formosa hà tĩnh tuấn tuyển tập sảnh tiến lh tr tr tr tr tr tr tr tr tr tr tr tr""",0
thích mấy bạn xưa cmt vui bh thuyết phục cc,1
ai để ý cái đầu bút giống đầu ấy kh,0
"""không xinhhh là em nghỉ bán thật đấy nhé mẫu này đẹp lung linhhh thế này cơ mà ai đeo cũng auto đẹp ạhhh thư lê""",0
nhờ mọi người kiếm con này rạch mồm nó ra,1
"""kelly nguyen đm thuốc tăng cân hiệu quả vl""",1
im ngay đi cái thằng suốt ngày chỉ đc cái nói đúng,0
hóng b52 debut cùng j97,0
cố lên anh ơi,0
vcl các thanh niên tay nhanh hơn não :)))),1
"""quang hoàng kẹo sữa vũ xim sứ hoa uyen ngoc""",0
em tú ánh sáng :))),0
sau đợt này về mở 1 chuỗi cửa hàng bánh tráng đc rồi chúc mừng anh,1
phiên bản nhạc giống nha anh mình =)))),0
"""không dc sử dụng lại""",0
"""ko tiền ko có thơi gian đâu tư vao ty""",0
"tình hình dịch covid19 đang rất phức tạp. mọi người ra đường nhớ đeo khẩu trang, ai sống một mặt đeo một cái, hai mặt đeo hai cái, ai sống như cặc thì đeo bao cao su dùm",1
"dm...thèng assmin này...hỏi ngu méo chịu được...mày làm như muốn tập trận chung với qdndvn dễ lắm vậy...mày hỏi 4 thằng đó ( mĩ,úc,nhật,phi ) coi tụi nó biết nói tiếng việt không mà tập chung...",1
đồ  khùng,1
cực kì thuyết phục,0
thầy mà là gia cát gì gia heo thì có =)),1
"""team tui sao khi hoàn thành xong nhịm zụ diệu tịnh is at ninh chữ beach""",0
chi oi chi chua gap bac ky dau .chi ma gap roi chi khong con kip keu mot tieng troi dau chi ak.it nhat chi cung nghi den nguoi nha chi chu.chi o dai loan ma chi dang noi tieng viet ma .chi tu chui minh thoi.nguoi ta khong xem chi ra ji nen nguoi ta goi noi vay thay loi xi nhuc do.,1
mình mua chai 300k ve sịt nhứ cái quần què thấy mình ngu ghê luôn,1
"""suy nghĩ và động não đi ad nếu ng tak thương ad thì đéo có dùng nick facebook tuấn""",1
bất hạnh nhất cuộc đời là ra trường rồi mà bạn vẫn ngu dốt . đáng buồn cho nghành giáo dục,1
"""ns thật chứ thấy com boss này hãm vl vvvv""",1
trèo cao ngã đau nhé thầy ngu,1
@lâm trần ngọc phúc ừa m nói t mới để ý bả nói khong thích mà bả nhắc hoài.,0
"do ng ta không biết chữ mà :""( thật tôi nghiệp chắc cuộc sống với họ khó khắn lắm",0
ad ăn phân con j mà ngu thế......????,1
bác nói thế nhưng cấp dưới bác họ có làm theo hay không thôi mà hay nại đục nước béo cò,1
hồ nguyễn quốc phú suy nghĩ ko sạch sẽ v nó dơ chỗ nào?? bu lu bu la ở tội a thế đồ ấy hả  ngta cmt 1 dòng mà đi cmt lại 3 dòng hỉu rồi fans jack ko phân biệt độ tuổi có thể kết luận là trẩu,1
ai biết tên kiểu này là gì không ạ,0
"thần quyền ếch vồ hoa mướp! thở quá rồi, huyết áp 300 rồi!",0
ông đấy đang ở hà nội ý =)),0
cho phép cái đéo gì mà cá sống ở tầng nước sâu cũng chết . đm,1
"công an lên làm thủ tướng nên se ra luật có lợi cho bọn công an. luật sư cái chó gì ở vn. tòa án nó muốn thì nó mời. ghét thì nó đuổi chạy như chó. ngoan ngoãn nghe lời thì luật sư có cháo húp, không nghe lời nó đánh trào máu như vụ 2 luật sư bị đánh. ai đánh đây?",1
"""lũ chó chết trung quốc chúng bay gian tham độc ác ăn cướp còn già mồm đứng là loại chó chết""",1
phan văn chương hôi lông có cái hình đi đâu cũng đăng,0
dù em chỉ có một cái bánh mì,0
t k thích k ưa mẹ này.... mà dx cái chưit ngta nghe hài vcl bù lại củng đỡ,1
admin ban bỏ những thằng câu like chúc năm mới giúp với. dị ứng bọn này vl,1
hiểu gì chết liền,0
"""trịnh thi diễm my minh an nguyen nguyễn thị oanh nga doan nguyễn quỳnh nga lien thu nguyen phan trang hoang hon tat phạm thuỳ dung phạm thùy dương giun đất đỗ hữu duy""",0
coi kênh thầy đéo bh bật loa ngoài =)),0
hiện tại thỳ là anh độ mua bỉm sữa cho tk tùng hàng ngày . nhưng chỉ vài năm nữa thôi tk cu tùng sẽ lo bỉm vs sữa cho anh độ,0
ý thức của chị nhung còn ít hơn cả nhân bánh mì của t :)),1
bắt được đừng chữa nhốt vào cho chết luôn...loại này đừng để đẻ trứng!!!,1
nguyễn tài koi ccc bn,1
"no no, chỉ có bắc kì thôi nhé, nam k kì",0
yy,0
"""hân dương oi nôn qó di hoi""",0
dờ.... đéo phải đờ nghe chưa thằng hl :3,1
còn linh ở cần thơ mà chị,0
con co rona dau mà hỏng tap vo coi mo di nay vun on,1
thành đạt rùi anh,0
ông trần dần nói đúng đấy! tôi cũng đang nghĩ như ông là trung quốc sẽ trả giá rất đắt đối với mỹ và đồng minh sau vụ đại nạn corona virus này.,0
"""đem về mà xây mả bố mà mẹ mày đừng lấp liếm cái ngu dốt nữa""",1
"""nhanh tay nào ce ơiiii giang pham mi aloalo ngày mai mùng ưu đãi đặc biệt phun môi colagen phủ bóng còn giá gốc tr phun mày tản bột còn giá gốc chăm sóc da nối mi làm nail đồng loạt sale chị em nhanh tay ibox để dc tư vấn cụ thể nha mọi chi tiết lh""",0
toi hi vong ong noi la dung,0
5 điều bác hồ dạy =)))),0
dạo này nó cho truyền thông nhiều tiền nên im hẳn khá lâu,1
hằng bắp a để hai ba hôm nữa a mới lên xem,0
"""hoàng hưởng mình đang tuyển ca gãy nhé""",0
"""dm mẹ mấy thằng cướp của bọn quan tham đéo cướp dcm lũ chó ngu""",1
mắc đ*t quá,1
"""khùng""",1
"""chia se lên nhóm cho nhanh len ca nha oi""",0
zalo(079202079)sdt nay nhé co3,0
đéo có gì để nói về cái đất nước này,1
như,1
chắc phải vô dislike xong cái ra quá :)),0
"""con pho na cmt nhanh vl""",1
nguyễn phương linh sống thật đéo gì,1
"""trang trang thì thôi dòm hình tiếp zậy""",0
duy trần xin link ytb,0
"""dm làm bố làm mẹ mà ngu như chó""",1
tổ sử mấy thằng này chỉ bênh vực nhau. thế nào là gạt tay?? lỡ như thằng nhà báo nó đấm vỡ mõm thằng ca xong nó bảo chỉ là gạt tay thì có xử thằng nhà báo ko?? toàn làm trò hề thôi bọn ca chó này!!,1
chào người anh em,0
cũng muốn mang tiếng dân làm việt lắm mà hôk được,1
":)) vấn đề sang đấy làm đc cơm cháo gì hay lại ăn bám trợ cấp, làm nail với culi như cái đám đu càng thọt mà ra rả kêu gửi tiền về nước nghe to tát quá hihi",1
kho than ta sinh ra nham dat nuoc nay` =)),1
sáng sớm thấy set fan cứng nên cảm thấy đầy trách nhiệm =))) mặc dù chả biết cmt mẹ gì,0
bọn này luôn gây hiệu ứng đám đông để nôi tiếng . ngứa dai. moi người còn đang lo chông dịch lo cơm áo gạo tiền đủ thứ phải lo. làm loạn để mọi người chú ý. không khác gì một con vi rút luôn luôn gây mệt mỏi.,1
"""con đò nát dcm tôi tưởng ông ra lính lâu mà vẫn đc sử dụng ảnh cơ mà""",1
"""vãi lìn phòng con gái gê vl""",1
"""mẹ nó chửi nó thì nó nói phản động mà ko chửi thì bức súc chó chết""",1
"""nhà ngoại giang giang giang""",0
"""lợi thì được lợi nhưng răng không còn thằng chó ngu""",1
nhục chưa? sở dl hn còn hay giải tán rồi mà dân gọi cả ngày mà ko lh được là sao?,1
"""caphe phuong vinh can tuyên phuc vu ca sang ca toi luong hoac tr tr hoac đt""",0
"""chịch xong đi ỉa hp vl""",1
dcm nhìn thằng thẩm phán nó cười đểu kìa,1
con này nó chửi cho đã rồi lên khóc lóc xin lỗi sao như bánh tráng mặt lật dữ vậy ta,1
ngu na noi tren troi duoi dat k,1
"""bảo ngọc nguyễn dm hơn tâm thần""",1
ngu cmm.,1
chết rồi con ơi :)),0
bổ sung thêm cho bình luận vừa nãy of anh. em chợt thấy cái này rất hợp hoàn cảnh. harry lê,0
"""ủa ông cố nội ngta hả mà cho coi trường giang dẫn ct như cứt ăn nói vô duyên suốt ngày móc méo đá xoáy ng khác chã có kiến thức chuyên môn cmg bây còn chả thèm diễn hài mà làm mc luôn mặc dù nc vô duyên vcl ra""",1
mạnh hoàng fa thì đừng ăn nx cho khỏi sợ bị ngộ độc,0
lee sin lol mẹ giáo án kiểm soát của thầy tú,1
mé,0
"""kieu hao về bảo ông nội chết đi rỗi đm hãm vl""",1
bảo vệ thằng nào nhiều tiền hơn nhé. hị hị,1
thánh hack tiền đây rồi lấy tiền mua đồ lên cấp hay quá cho em xin một lạy chỉ em với.... sặc bị phát hiện lock acc,0
thời trang mà dell ra gì.,1
trần thu huyền mong là không ai tử vong còn đẩy lùi thì từ từ chị nhé,0
lê thành trung học trò lồn,1
"""đói vl ahha""",0
tu kim khoa im cmm đi,1
"@thảo my trước kia tục thật nhưng chửi hay còn bây giờ thì ko đc vậy. với lại mình củng thích chị này thật nên hay vào fb xem vs like hình nhưng nhiều cái thấy bả quá đáng lắm. nhiều người vô cmt đàng hoàng nhưng ko vừa ý là bị chửi tới cha mẹ ông bà liền, fan thì vào bảo ngu hay sao mà ko biết chị chửi giỡn. khi người khác lên tiếng chửi lại đùa giỡn vs mất dạy  nó khác nhau lắm thì clip này ra đời. bản thân chửi cha mẹ người khác thì cho là mình chửi giỡn cho vui còn người khác chửi lại thì bảo mất dạy, coi vô lí vl ko",1
douma,0
"đếm dc tầm trăm ""con chim vàng""",0
phùng thị thanh độ =]] tân hoa hậu thế giới việt nam,0
trần thanh hiền sắp nghỉ học trên lớp học onl ở nhà giống hn oy.,0
trâu bò ngựa quả này tắm giặ hết rồi,0
chỗ này đit phải chỗ gạ địt nhé hahhahah.,1
"""phạm thị thảo vy to the group chợ online bắc bộ chuyên sỉ quần áo nha trang up thanh lý đầm váy cũ mới giá cực rẻ dưới cmt mỗi mẫu bộ duy nhất nên ai mua để lại thông tin cmt luôn nha""",0
nó đéo biết ngại à,1
cảm ơn em da dạy dỗ con linh khùng.,1
ăn cướp trắng trợn,1
anh độ tôi :)),0
đẹp ma vui thế,0
from mixi with love !,0
tao còn đang mong kỷ luật bỏ mẹ lên đây,1
"""lại mn ơi thanh hải shared live video to the group hội những người con sơn dương tuyên quang deniss tiếp tục kéo rank vàng bk nhé ae chúc ae xem stream vui vẻ link group gia tộc chém gió link youtube""",0
"nói chuyện thiếu văn hóa , tục tiểu , không ra gì",1
văn việt quay ăn lon,1
bệnh hoạn v lin,1
""" to the group chợ việt hàn diep ca kg hung lui kg rau thom kg kg btb btb thap cam lon xon rau ma kg gui tai vuon mua kg btb gui tu vuon""",0
đéo thể tha thứ được  càng nói càng xạo quần,1
trang trần dm cm với t,1
"""phong bui dung một sự cố gắng tập luyện trong bóng bàn""",0
cái cuộc chiến nồi da nấu thịt thì tự hào rồi nhồi nhét bao thế hệ. còn cái bọn trung cộng nó xua cả triệu quân xuống tàn sát đồng bào thì mấy dòng qua loa.,1
"""jas le inter gym vĩnh long tưng bừng khuyến mãi hè từ đến điện nước tăng giá giá cả hàng hoá dịch vụ tăng cao chỉ có giá tập tại inter gym là không đổi mà đặc biệt còn có thêm gói khuyến mãi hè hấp dẫn nhanh chân lên nào các gymers đăng kí hoặc gia hạn tháng sẽ được tặng ngay tháng từ ngày đến địa chỉ số đường nguyễn thị minh khai tp vĩnh long đối diện công viên đức thánh tây""",0
"""đụ xanh chơi kì vl""",1
comment,0
cũng cực kì thuyết phục !,0
"""đồng nghiệp của công trình tiền tỉ ngô trọng đức phước huyền and mạnh tatoo at thành phố chí linh""",0
"""nguyễn nam anh đm dỗi vl""",1
khổ kk,0
okela,0
cave mãi là cave thôi,1
"bậy rồi.. ad đăng bài v nhiều cháu bò lại sồn lên.. phải có ""liềm"" tin tuyệt đối vào đường nối chính sách của đoảng trung khựa.. cứ đăng bài kiểu này là mấy cháu bò hoang mang lắm :))",1
phương minn nhìu đứa nó lạ loz vậy á.. dở thì ng ta chê.. thật sự đéo thể nào nge nổi nhạc jack .. tụi mày cứ khen nó hoài nó chả thể nào tốt lên dc đâu,1
"biết tham nhũng bn, 10 phần nộp lại 2-3 là.cùng, tính cả r",0
"nhân loại giờ đây giảm bớt ác mộng rồi, chỉ còn góc châu á còn ác mộng thôi.",1
vũ khắc hoàng vcl râu,1
mày gốc nhật bản à ??? con nhung nó là trốn cách ly chứ k cố tình nhưng nói chung cũng gián tiếp. còn kia cố tình. vẫn cái suy nghĩ nước phát triển là ý thức hơn :))) tự nhục đât nước sang đó mà ở,1
nghe toàn thấy chửi ko,0
đến nơi chưa anh ?,0
k ổn anh ạ,0
"hoan hô chú bộ đội đánh mỹ tài ghê , tàu bay mỹ chú bắn cho tan tành  sau khi đánh mỹ thì nó thế này đây",1
"""chọc chó cực mạnh là khi người ta nói về mấy thằng viết bài chửi mu chứ liv thì có gì mà chọc chó""",1
số điện thoại của em là 0934424727,0
"""mỹ linh ht vl""",0
noel,0
"chj noi chuyen duyen  pua,,dung chat mien tay",0
"""mong con som phật""",0
"chưa có kết quả bọn ko hiểu gì phát ngôn ngông cuồng , giờ có kết quả quả rồi sao bọn nó câm hay trốn đâu hết rồi",1
"""đm liên quan vl ra""",1
"""chính xác nhưng bây giờ con ngươ sống thà nghe nhân ca ch chứ ko bao giờ muốn nghe tiền nghèo bạc""",0
"@tiktok official nói k lại rooid phán là chó hùa. t chúng tao đang nói đây đéo phải hàng real. bớt xl lại. đéo có fan của ai đây hết. bán vậy rồi nghiệp quật. thử nghỉ cha mẹ bây uống thuốc chống đột quỵ.... mà trúng thuốc giả rồi k có tác dụng rồi sao. đéo biết suy nghỉ. ừ hàng giả nói giả. rẻ cũng chạy. bày đặt real, hàng pháp .... xạo l",1
"đéo hiểu sao 1 thằng đui và không có não mà lên dc bộ trưởng, chắc chỉ có tại nơi đây :))",1
tuy rằng anh nói rất thuyết phục nhưng em vẫn phải mua,0
luke nguyễn 88 bảng mặt nó ko bằng lông lồn của ngtrinh nữa kk,1
ncc,1
nghe như đấm vào tai,1
bánh tráng chỉ xếp thứ 2 sau pha lật mặt của vũ khắc tiệp,1
"""khang trần vcl""",1
"""đó thấy chưa bnay đừng ai chê tui béo nha tui buồn lắm""",1
"""hà ling uat có đọc cmt không thằng lol đó nó lôi nhà tao vô nhé con hãm nó cũng là ng bảo nugu gì đó đéo phải nhà tao nhé con ngu""",1
"""mày mang cả nhà mày ra đi bán xổ xố cho tao ba mẹ mày cho mày ngậm ngòi bút hay cho mày ngậm lông lồn mà ngu thế""",1
"""bùi khương duy street workout hà nội team được tập cùng người mình yêu thật hạnh phúc vào ngay nhóm để tìm người yêu nào ae""",0
"""mỹ dung làm ca xoay nha bạn""",0
tẩy chai các sản phẩm của tân hiệp phát..,1
bú cu không thầy,1
comment dạo để đc fan cứng,0
có 1 số người sinh ra gắn liền với drama,0
"""định tắt wf ngủ mai đi lm sớm chứ thấy vui up thôi chứ tin ntn ngày nào chả ting ting""",0
"""tuyết ly na tóc do nhu cầu công việc tóc lã hạnh cần tuyển thêm một nhân viên nữ ưu tiên ban biết việc gội đầu mát xa mặt lấy ráy tai cao măt những ai còn yếu chưa biết việc được đào tạo lương thoãi thuận và ăn theo tay nghề môi trường làm việc thoãi mái vậy ai đang tìm viêc và muốn có cái nghề trong tay hãy đến với tóc lã hạnh""",0
"""minh cadillac fan barca ko có loại ngu như mày cút""",1
"khủng khiếp quá trời, loại đàn bà này có một ko hai trên thế giới",1
"""srm rau củ vegitoks chiết xuất thành phần từ rau củ thiên nhiên bắp cải su hào cần tây chanh súp lơ lá rau diếp cá cà chua khoai tây lá bạc hà mầm lúa mì super vegitoks cleanser đc đón nhận rất nhiệt tình nhờ công dụng của sản phẩm tẩy trang sữa rửa mặt và mặt nạ thải độc sản phẩm có kết cấu dạng gel lỏng nhẹ khi thoa lên da phần gel này sẽ nhanh chóng chuyển sang dạng bọt nhỏ li ti có tác dụng làm sạch và thải độc cho da giúp tẩy trang loại bỏ bụi bẩn nằm sâu dưới da loại bỏ mụn đầu đen giúp làm sạch da thải độc chì do mỹ phẩm hoặc do tác động từ môi trường vegitok chai ml chai ml""",0
"""lan anh nguyễn với dòng cap kia thì hắc chứ tẩy nổi gì bạn có khóc không bạn có đau lòng không thử hỏi nếu chơi trò tẩy lại kèm hai tấm ảnh tự chụp với dòng cap ngu người như thế hai bức ảnh đó chụp cô băng để báo tình hình sức khoẻ cho người nhà và bạn bè bị leak ra ngoài có làm màu lựa tấm ảnh nào nó đầy tính chiêm nghiệm và khó đoán hơn chứ cái trò gì mà ngu người vậy""",1
chu huy nam b đi trc cả thời đại à :)),0
"""con điên con óc chó con chó con lợn con bò""",1
chị ba là vàng ngọc hay là vàng nổi,0
du ma may ve viet nam tao la nguoi dau tien bat may,1
chuẩn bị đấu tố kiểu búa liềm,1
mac ia qua,1
"bn nói chuẩn cmnr, nhai cứ như bò nhai cỏ, bảo dân trí thấp lại tự ái.",1
cũng hay lắm đó mn,0
"""đéo có nyc huhu buồn vl""",1
"""đổi thay thay gai dep la lao vo liền""",0
"""bảo cường cú bẻ lái thần thánh""",0
"""đặng hiền top troll cút cút dùm""",0
bản chất phong kiến vẫn thấm sâu vào con ng việt,1
"""có cái con cặ dỗi vl""",1
"nhok lầy cái nick thì clone, avatar thì đéo dám để ảnh thật :v gáy cũng kinh đấy! thằng trẻ con vô văn hoá!",1
"""tao chứ đéo đâu vkl""",1
"""vì bọn nó bẩn vl""",1
"""roi luon""",0
xóa kênh cũ trước đã,0
ngoài đi quay quảng cáo ra anh tôi còn đóng phim nha mng :v,0
"dạo này mấy bố ts giấy phát biểu hơi nhiều, phần lớn cho thấy tư duy kiến thức quá lạc hậu, nhiệt tình cộng với sự ngu dốt thì sẽ thành phá hoại",1
"""mặt của hai vợ chồng con này nổi tiếng rồi có đi cả cái đất nước này cũng chả ai dám cho mướn mặt bằng để mà làm ăn mà có cho mướn thì cũng éo có ai dám ghé ăn về quê mà chăn trâu mai ra còn đất sống hỗ báo cáo chồn cho cố vào bốn mươi mấy tuổi đời rồi mà còn ngu hơn con chó""",1
hơn một năm cho cái tên gà trống cao bằng :((,0
"thật sự xin lỗi các bạn, con chó tên là thành lê nhà mình xổng chuồng lên đây cắn càn, để mình nhốt nó vào chuồng :( thật sự xin lỗi",1
làm lít rượu chưa đủ thì đôi lít,0
"""thanh tùng đm darius đi top vs khan tội nghiệp vl""",1
ăn nhiều rồi lú nó không có phúc đâu đời cha ăn mặn đời con khát nước,1
fan tiền giang đâu vô ủng hộ djjjj,0
"""ci lên mâu bé gái và kg di""",0
"""quốc huy làm với bất tử nữa""",0
cực kì khuyết tật,1
nhìn mặt thấy mắc ỉ* à :))),1
"""bùi trung hải mà mà chủ động nó tương vỡ mồm""",1
mình muốn nói một câu thôi : địt mẹ bọn sống ảo,1
thầy này chỉ đùa thôi :v,0
"""phế vật du nguyễn góc giải trí cay""",0
ទូទៅ,0
"vcl tự nhiên chửi người khác ngu rồi đem trường hợp ngu của nó ra ví dụ! đụ mẹ thằng ""lỏng bao"" dành hết phần ngu người khác! não teo rồi hoá chó à",1
đây anh ơi,0
cưỡi mãnh thú đi chơi đi anh =))),0
"""xin sổ và vị trí""",0
nguyễn quốc an thứ học trò lồn,1
the shy sa đéc,0
oke thầy,0
công nhân sửa chữa đường dùng máy công suất lớn thổi bụi mù mịt giữa phố hà nội vn mới có,1
"""nó mà tên tiến đạt thì hài vl""",0
trên bờ: tao chửi đấy mày làm đéo gì được tao :v,1
mệt vl =)),1
"""ôi em có lô xe cần cầu cho bé hót dã man luôn về được mỗi thôi thật sự là quá ưng xe to đẹp cam đoan là ước mơ của vô vàn bé trai suốt ngày chỉ đòi xe thôi hihi bán chiếc""",0
tào hưng đm khô máu :))),0
hanh viet tôi thấy 1 bông hoa giữa 1 vùng cứt,1
thối cc chỉ không ngửi đuợc thôi,1
ai ăn hết của nhà thằng dương dương trả cho nó đi bây. thấy nó sủa thấy thương ghê á.,1
"""vũ thu uyên dang yeuuuu""",0
nguyễn tâm kaka,0
"con trai mất điện thoại đổ thừa ba nên báo công an, quá bất hạnh cho thằng con, mất ba đéo tiếc, tiếc cái điện thoại",1
cái này là có thật nha m .n chó vào nhà là giàu sang sung sướng mèo vào nhà là nghèo quanh năm,0
"""đông vcl ga vl""",0
nguyễn tiến ib,0
"""chả là có đứa em trên rừng năm nay quê mất mùa nhãn nên chuyển bán mật ong rừng xịn sò luôn ah sai đền tiền gấp lần hàng chuẩn như này ko lấy phí mất đời đấy ah giá cũng vô cùng yêu thương hoàng thị thương gia hoàng""",0
sang năm tặng a cái đồng hồ báo thức với quyển lịch :))),0
em xin lỗi chị ba vàng ngọc em ghi sai chū chị thành chū cho em xin lỗi,0
đm mày 2/5,1
"""có nhieu cái nói đúng vl""",0
"""định mệnh éo có ghệ mà đứa nào hâm tao vậy""",1
quang hung vu bên đấy bảo cách ly tại nhà bệnh tự khỏi =))))))))),0
vụ gì thì kệ mẹ đi cứ lôi ra mà bới móc ???,1
mỹ hạnh hạnh là 1 bông hoa dại à,0
"""bữa trưa nhẹ haha cay wa chài thương hại không cần ẻm yeu""",0
khoá việt-tiệp đây ạ .khắc việt khoá mõm khắc tiệp mại dô mại dô,1
hợp lí vl,0
di lam tu thien ma chui vay thi cong duc dau con nua,0
"nghỉ ăn bánh mì, báo nn giờ toàn thế không hè",0
"""vậy mày cưa cái giò rồi di bán vé số đi cho mau giàu thằng lol già đâm""",1
"""không nói không ai biết mình ngu nói ra nhiều người biết mình ngu""",1
giống với hình trên áo abe ghê vậy á,0
đừng so sánh 2 thầy ngu,1
okela sơnbamtp,0
thằng ad này não bị delay 3 năm à :)),1
"""anh tuan tran thằng dân den không suy nghĩ được thằng làm quan mẹ thằng ngu thí dụ tao thử cho mày ngồi lên mục giảng mày có biết phải làm gì không nói ngu hơn chó""",1
bomman chấp nhận thua r,0
"""hihi món này mai em phục vụ xị em đây nà siu thơm ngon cơ phương phạm lozi vn gói trọn hương thu hà thành cốm xào dẻo mềm ngọt thanh loship giao hàng miễn phí cốm non bánh cốm chắc hẳn đã quá quen thuộc với mọi người vậy thử chút cốm xào này xem con tim có bị rung rinh không nhé cốm xanh mượt xắt thành từng miếng vuông vắn ăn dẻo bùi ngọt quyện yêu lắm luôn có thêm cốc trà mạn chát nhẹ bên cạnh thì nhã vô cùng""",0
kiểu này đẹp nhất,0
"con này nó rảnh, nói gì kệ nó",0
"chất lượng các bài viết càng ngày càng tệ , nội dung bài viết chỉ mang tính hậm hực , trẻ trâu . nói chung càng ngày càng tệ .",1
ngứa bà cẹt ghê,1
"""nhí vl""",0
phạm văn lộc chúc hay mỗi tội chính tả nên như lol :)),1
tận cảnh học sinh đến thăm nhà thầy,0
không phải cha mẹ bé mà đau lòng quá . cộng đồng mạng hãy theo sát để vụ này ko bị chìm xuồng cho đến khi tên súc vật này vô tù,1
nguyễn đức thắngg hơi lâu hmm,0
"""nay mình có bán cơm bịch bao ngon giá bình dân ai ăn lh mình ship cho nha đức lai minh thẩm at thị trấn tăng bạt hổ huyện hoài ân tỉnh bình định""",0
"mấy con cá đàn áp dân, từ dân mà ra, đc chính phủ trả tiền và trao quyền lực để quay lại đàn áp dân",1
ngon mẹ gì mà ăn nhỉ,1
sự kiện cc gì đc 2 tuần,1
stop chem' gio' di chu tran dan oi ?,1
"nếu ông này đem thử nghiệm rồi chết vì tai nạn. thằng chó ad lại bảo: cơ quan nhà nước ko quản lí, theo dõi để người dân chết vì phát minh của mình. ex",1
"""mẹ tui chụp dữ nằm ké lên áo xíu đừng chửi tui""",1
lũ chó đói,1
hết thời xuống núi lấy thun búng l*n :v,1
hoàng dương j toi co' ne`,0
m nói láo chứ ai,1
dlv sủa hộ ?,1
"thế nhá,",0
xàm quá,1
"""loan bống đụ mé""",1
đúng quần què,1
địt mẹ cái mấu này. tao nằm ở đây hơi nhiều rồi đấy :))) trích lời anh tôi trong buổi sờ trym tối hôm kia :)))),1
call me ppoong mày là người của 3/// hả? t nói k đúng sao? phản động chả lẻ pải được tôn trọng sao.,1
cười vãi l mà có bọn bảo game chán rồi spam phá các kiểu =))) chán thực sự,0
mẹ nó sủa nge mà thối qúa trời,1
ái vy nghi lames à,0
tân sơn nhất tấn hải. quan ngại sâu sắc,0
"""kim hương ngọc content chất vl""",0
tây nó tưởng điên trốn trại,1
truong anh nghĩ lại vụ đó thấy tội bác lái container vãi đéo làm sai cũng bị phạt chỉ có thể là vn phiên tòa như show hài,1
con đỉ minh hiếu là con đỉ khùng dơ con súc vật sánh cũng không bằng  nó nghe   con rác rửi  con khùng bẩm sinh con quái vật,1
chị ba đẹp gái có hai hòn dái hai bên,1
thằng to nó núp chứ bạn,0
các cậu ko đọc stt à. tôi thấy chửi đúng mà. các cậu thử nghĩ xem đang đi đường có mấy thằng chọi con áo xanh đỏ tím vàng các kiểu cả xăm cái hình to như cái mả bố nó ấy rồi cởi trần đi lạng lách đãnh võng bênh mẹ cả đầu xe lên thì có đáng đút con mẹ nguyên cái buồi vào mặt nó ko,1
ăn mì gói nhiều có hại cho sức khỏe đấy bác dần ơi,0
cách phân biệt thằng ngu ba gà và ba vi thì đúng hơn đó thầy,1
"""giống ngày xưa vl""",0
phương nguyễn thanh tất nhiên đây là quan điểm của cá nhân mình. chứ việc đi ngược số đông hay không thì tùy vào cá nhân cảm nhận mà thôi :)),0
ae cho tôi hỏi nhận ở đâu thế chả biết cái j luôn,0
"""angels dark tôi là dân quận đường đồng văn cống hướng về mỹ thủy ngay cây atm agribank khúc chi cục thuế đang có xe bồn làm tràn dầu ra đường cộng thêm trời mưa rất nguy hiểm đã có hàng chục xe máy bị té mọi người cẩn thận update hiện trường đã được ca xử lý hồi tối qua link group dành cho dân quận mời các bạn tham gia giao lưu chém gió cộng đồng dân quận tôi là dân quận""",0
"""hao anh ho ngoc to vl""",0
xạo lồn sương sương,1
"""mỳ tôm chất cả đống ntn thì sợ đéo chết đói""",1
thần đồng toán học lỗi lạc nhất lịch sử loài người,0
trời ơi trời abe chơi local brand hả?,0
"""cục súc vl""",0
"""muốn hách fb của chị hok dễ đâu lỳ mắt ướt annoyed""",0
"""xl vì đã làm cho bản thân mình quá chịu nhiều nỗi đau xl xl""",0
covid-19 là cái gương chiếu yêu hay gì á :))) biết bao nhiêu bộ mặt ngu dốt lòi ra,1
"nó cướp được tiền,nó có quyền đồng bọn với quan.còn tnlt thì đồng bọn với dân tuổi gì ls có quyền chứ?",1
"""gọi chị xưng anh ngu vl""",1
"khi quay lại sẽ tốt hơn , vì học hỏi được cái hay của nước ngoài",0
dương lê haha để con ib nói sp nghe,0
tổ quốc ghi công,0
có chữ nào đâu! mua bằng thì đúng hơn,1
"đm nói ko phải xúc phạm chứ mấy ông càng càng phát ngôn đéo ra cái j, não mấy ông chỉ có tiền thôi ah, mấy ông ""giúp"" dân nhìu wá nhỉ, nói như đúng rồi",1
nguyễn phi long khanh huynh lan anh nguyễn alexander lanheder mều mắt hí lý hoàng huy chết đỉ mẹ mài chưa con =)))),1
chửi cũng nể nang chứ. đkm tao báo công an bắt chết cụ mày. phạt mày 5 tr bây giờ.,1
"""chú em ck said chị thương mà làm dc bánh bao là không ăn thương smile excited phuc cry""",0
"""mùng đầu tháng sờ ang sang tôi và bạn loạn xì ngầu ông đéo biết lắm loanh xì ngầu là ông đéo biết lắp""",1
cái bệnh tâm thần phân liệt thể hoang tưởng tiến triển ngày càng nặng.,1
"""sống trên đời đừng có quá tự cao tự đại vì cuộc sống này đéo có ai ngại ai đâu bạn ơi""",1
"""cam giac cay vl""",0
thằng già kia đứng cười chứ :(,1
nguyễn đình chung dô cái link thầy ghi trên stt đó,0
chị vàng ngọc ít mất dạy hơn chị ba,1
hoàng lê bảo trân mình bảo nhiều tiền quá kb làm gì nhé b  chứ mh k nói là ép buộc phải đi làm từ thiện  b đọc kĩ hộ mh nhé =)),0
dmcs nước còn nợ nhiều.,1
"""cười vl hahak""",0
"""kim kim hoa trần mỹ hoa trần mỹ shop hoa trần mỹ jum dập li lửng giá xuâ sư ha ng thiê kê châ liê voan màu size freesize dươ kg khách sỉ ibx fb hoa trần mỹ zalo tuyển sỉ từ sản phẩm tuyển ctv chiết khấu theo từng sản phẩm""",0
"""dị vl""",1
trần cọp ông anh thần tượng của tôi cũng không trống lại dc thời gian nhỉ tiếc anh cọp ngộ giác muộn,0
"""thì tao không bằng ai thì tao làm công nhân đó thì sao mày giàu thì giày kệ cmm ok""",1
"""cái xã hội này đéo có chuyện đúng hay sai chỉ có kẻ giàu người ngèo mà thôi thằng giàu sống kiểu thằng giàu thằng nghèo chơi theo cách của thằng nghèo cuốn thương két ân""",1
vl dấu bé ba :),1
"""nho mit uot co dấu thu nhân""",1
"""huyền trang hạnh cho thuê áo dài chụp kỷ yếu giá chỉ từ bộ áo dài và đi kèm là cà vạt hoa đội đầu nữa hấp dẫn đẹp lắm luôn đối diện điện máy thặng hằng bùi thị cúc tt ân thi hưng yên""",0
"vả vô cái mỏ loz mày bây giờ, thứ học sinh trời đánh",1
dc vl anh :))),0
bớt bớt đi ông ad =)),0
ai để ý như t k? chỉ để ý mỗi cái ảnh tùng sói,0
"""chơi mình buồn quạ tìm vài bạn cùng nhau leo rank chơi hơi ngu mấy đừng chửi nha""",0
tiên tri hôm nay nhìn ngầu quá. my idol vẫn khoẻ là dui rồi.,0
"quay được phim rồi thì lấy xe bắt chó ra bắt đi , chờ gì nữa",1
fan cứng nè,0
"""hãy cứu lấy kẽ phàm phu này nếu con tim đủ chỗ""",0
cang ngay cang ghet tui thp,1
thấy thầy phụt có kích thích ko :,0
"""gặp tao tao vả vô cái mỏ lol tại chổ đm làm mất mặt đàn ông""",1
"mấy đứa đừng khen thầy nữa nha, thầy không thích vậy đâu",0
"nguyễn việt nam ,  ủa cứt ‍ vàng  mới biết đó nghen.",1
"""nguyễn hà đù mé bạn bao di phép""",1
vê lốc mì thái siêu cay khổng lồ đi anh ưi :))),0
con linh này nói tục ko có duyên đồ mất nết,1
như 2 giọt nước luôn thầy ơi. trinh giọt nước suối còn thầy giọt nước cống thầy ạ =))),1
tú said : cái lol j vậy abe,1
con mẹ mày trốn học thầy tao qua đây khịa cái gì đây,1
tháng kiếm đc có 7-8tr mà mới mua con laptop razer đang trả góp nữa thì sao đủ sống anh ơi,0
@trà my 10 năm trc ytb cũng ko có livestream đâu nha bạn :)),0
"dịp mẹ tui bây đi lũ phản động hại dân,hại nước.trò củ cứ đêm ra diễn hoài,hết trò rồi hả.để cho dân được sống yên với,người trong một nước mà cứ muốn làm hại nhau.",1
dlv thì cần đéo gì biết phải hay trái ?,1
"""vân thái thị hồng posted an item for sale""",0
thầy đéo xoá kênh kêu gọi học trò report cho bay kênh thiệt luôn :)),1
:)))) alo có thằng ngu mr gripex ở đây không :v,1
"""vl bạn cáu vl rồi""",1
"""con cưng phận làm fan cứng mà đi copy dkm tao cho bay fb nhé""",1
"""cho con gọi chú vinh bằng ba thái nha""",0
chán luôn,1
huỳnh minh luat,0
tấm đầu tìm mãi mới thấy anh chả =)),0
đẹp trai ghê chưa,0
chị e nghèo chỉ can 10 triệu dong việt nam mua xe ca tàn di làm mướn thôi còn không co nữa chị oi. chị nhiều tiền quá,0
"""thằng ad ngáo""",0
"""cẩm tú""",0
"được anh , được vãi lon anh ạ :)))",1
con di ngua nay chac sih ra o ho boom ha j,1
"chắc lão đại biểu này ít đọc báo nên hơi bị mù thông tin, bây giờ ra đường gặp trẻ trâu thì bị đấm lúc nào éo biết nhé",1
thêm con ảnh cute hột mẹ nữa cho hợp lí :3,0
"cuộc đời có lúc thăng lúc trầm, có lúc lên lúc xuống, đi đến đoạn nào, phải bước thế nào, thì chỉ có mình mới biết đc. cảm ơn anh, cảm ơn refund, mọi người đã làm hết sức rồi! vẫn mãi yêu refund",0
thằng cha tập qua đây dân mìh nó xem như choá :))))),1
"khúc ruột ngàn dặm :)), rồi mấy anh chị thành viên trong cái hội ấy đưa con cháu, gia đình dòng họ qua ở chung với cái tụi đu càng thế mới vui :))",1
"đức tân bạn ơiiiiiiii. b gì đó ơi. sao bạn cứ lôi tùng vào chuyện của jack thế ạ. ủa, 2 người có lỗi gì vs nhau à",0
"thế là tự các ông suy ra chữ thiên đường, tự nhét chữ vào mồm chứ đảng ko nói đúng ko",1
ra đi,0
"""đã đổi lấy dớn ma bó có ai yêu""",0
ảnh hưởng cái cc gì. dm chúng nó bán cmnr,1
dỗi thực sự:)),0
nay live kênh mới hả a3,0
"""hồng""",0
"""chả có gì mag cần""",0
xe hơi say cm,1
nhìn giả tạo vcl,1
cho dù jack có như thế nào thì mình vẫn cứ mãi anti jack.,1
cuối năm 2017 mà bây giờ đã lọt cuối 2019. bọn ngu dốt này con ốc làm chưa được nhưng thích chém gió,1
"ôi, người thầy khen mình cao tại asus đây mà =))))",0
phim rất rất nhạt...còn kristen thì chắc k bh có nổi 1 fim đóng hay đc...,1
dm fake rồi.,1
nhạc phê~,0
"""đm khinh nhau vl""",1
"""môi dầy đẹp vl""",1
ghé trang mình sắm đồ xinh diện tết nhé,0
"""bọn họ vì nhân gian làm chàng điên đảo ta vì chàng làm điên đảo cả nhân gian nếu chán với phong cách bánh bèo thì các bạn hãy thử sang phong cách này nào úp nốt hình ảnh của bài cũ để chuẩn bị tiếp tục cho bài mới jollibridal trần hưng đạo an lạc tx buôn hồ""",0
"""bây đag bảo trì ag vl""",0
nguyễn minh nhật bổn bệnh vl thế này á minh béo :)),1
"quỳnh hương thật, t tưởng nó viết thiếu dấu nặng, mẹ nó chứ",1
mang theo tấm lòng con gái miệt vườn :))))),0
"""cưng xỉu set nón cối túi xinh cho bé cho mấy ẻm mang và đội nón này đi biển chắc chớt về màu xanh hồng kem mẹ nhé giá chỉ""",0
"""lợi lợi lợi lợi xưởng sĩ and bảo họ phạm yên thứ ba vui vẻ mua hộp tặng hộp còn được free ship nữa chỉ duy nhất hom nay thôi nè khách ơi chia sẻ và tag tên người bạn là được quà số lựơng có hạn ko đặt là hối hặn luôn nha sốt thái sa tế sốt tiêu hộp""",0
"nhân quả báo ứng không bỏ sót ai, tích đức gặp thiện, ở ác gặp họa",0
cô nghỉ livestream 3 ngày là biết cô nhìn thấy gì rồi luôn :)),0
chửi thế này là bthg đấy :)) chắc nó làm cả việt nam khổ vì nó câu chửi cũng chẳng lj được nó,1
"""mv tuấn sống vui mỗi ngày tình mẫu tử""",0
"""tây phạm lm ngọc bảo hay quá khi các soeur hành động""",0
"nhà nói dóc, nhà ảo tưởng chứ biết con mẹ gì mà tiên tri",1
"""chủ quan hiệp kịch tính vl""",0
đổi thành gặp nhau cuối năm hay gì mà.,0
"hoàng công hiếu lỗi thì chưa chắc nhưng đa số sống như lol, đa số thôi",1
hồ văn kiệt bạn có biết khoảnh khắc kì diệu này ở video nào ko ạ?,0
hưng phạm khi nào nó trao ta,0
"""phương thảo ảnh ai mà ẹo đấm cho""",0
"""nhìu khi thèm vl""",0
trần đạt xin video đi ông,0
hô hào tuyên truyền quyết tâm phòng dịch nhiều rồi một số người vẫn cố tình kô tuân thủ cách li ô phải dùng tới nắm đấm thôi.....,1
giang nguyen :)),0
thấy đc cái live này mừng hết sức dị đó,0
cái mặt trông như côn đồ vậy =.=,1
"""vl nhỉ""",0
"""tây hô nguy hiê vl""",0
sơn tiến,0
được anh ưi :)),0
"""các cụ bảo chọn bạn mà chơi chứ có bảo chọn bạn giầu mà chơi đâu""",0
"lông dương lông là lông , dương là dương v.. có nghĩa là lông cu",1
triệu kim nhung cứ tưởng y tế lạng sơn ‍,0
thương con chó  mà  phải  mang cái  mặt  của mày  quá,1
cái đb gì vậy?,1
diệp gia nghi đi tạo rồi ngta đòi rủ ra đâm tay đôi luôn đó,0
"""hàng về gấp phải đi gửi nhanh cho khách vẫn oder hàng nhật hàn đức úc nhé đỗ diệu linh""",0
"khi chế độ cs trung cộng sụp đổ ( điều này đang đến gần bằng chứng là ""làn gió độc"" của các cuộc biểu tình ở hongkong đang lan vào đại lục điển hình là thượng hải vào ngày 04-12-2019 ,vũ hán - hồ bắc tháng 07-2019, thị trấn văn lầu- quảng đông 28-11-2019...) thì người dân xứ đông laos sẽ làm gì với bọn cs xứ này??? ..xin xem hồi sau sẽ rõ ( sẽ có thêm lời bình của mao ton cương).",1
minh hiếu chửi lồn mà còn hay,1
anh tiôi,0
"""game phá nhà thì ai phá nhà được thì thắng chứ ba mẹ mày cho mày ăn cức thay cơm thằng ngu""",1
"""quá đáng vl""",1
chỗ t kêu li quăng nha,0
da.n ban khong trung. de bua nao qua cali thu*? pho^?i ong tr d coi trung khong. co chem thi 1 nhat thi 8 tr d cung di doi thoi.,1
"""phương thảo giống vl""",0
sao cái bọn tìm hiểu qh theo dõi ai nó rảnh vcl thế nhỉ,1
và con chym đã vui chở lại,0
"""không đẹp trai không có tiền làm đéo gì có yêu thương""",1
link đâu add?,0
"bác trọng : ""uy tín việt nam trên trường quốc tế lên cao, được nể trọng và có tiếng nói trên trường quốc tế"" =))) lol",1
đặng quang thắng bài này của nam sinh và 1 bạn nữ 2k1 thì phải,0
ông trần dần hài hước nhỉ,0
"""vũ hoàng cường giống vl""",0
duy nguyễn phục cái máu lồn,1
alo đc bạn,0
"""dm đọc mà ức chế vl""",1
huỷ lễ tang mẹ m à,1
"""đũi caro điệu đà ms về khách nhé""",0
cũng nhờ có quan chúng bây mới ko là 1tỉnh của tàu khựa or làm chó ngoan của mỹ,1
"""phương nguyễn chứ đây ai có ck mầy nói coi""",0
"""set đũi nhiệt đới hàn phong cách mới chất đẹp mịn hơn hàng thường rất nhiều hãy mua và cảm nhận mùa hè ngoài chiếu điều hoà ra thì hot nhất và đứng đầu bảng là set đũi hè nhiệt đới nhà em bán từ năm ngoái rồi mà năm nay vẫn phải hoa mắt vì các mẫu mới quá đẹp set món vỏ gối đầu chăn trần bông ga trải giường vỏ ôm chỉ cần tung lên giường là không gian phòng ngủ biến thành một rừng thiên nhiên mát mắt only trân trân""",0
rồi cô có may kênh vay cô,0
bảox nhânm ok ~@,0
bịt lol chạy quanh nhà là có thật,0
đập cho trận đi thầy,0
cac gì bóng của thầy là con chó à?hay linh thú nằm trong thầy đây,0
"""đầm body đi tiệc là hết xảy luôn nha các tình iu xx""",0
"""vịt phiêu vl hahaaa""",0
"@hoàng phúc lê mày mới khẩu nghiệp á. tao đọc cmt mà thấy rõ ai nói chuyện sân si, mất dạy liền. thứ đàn ông mà nhảy dựng dựng lên chửi trong khi người ta góp ý lịch sự, rồi nói người ta dựng dựng mà không biết nhìn lại bản thân :))) miệng nói mấy từ như đứa thiếu giáo dục, ko khá nổi :d",1
mãi mãi liềm lone,1
giống derby'italia,0
"""đỗ quỳnh anh giống vl""",0
"""nghe ngứa dái vl""",1
elipsport trịnh đức nó nói nghèo có nhau ... bác hiểu ko :)),0
"""tôi chưa có bản lĩnh đó tôi còn nhút nhát và ngu dốt""",0
tuổi lờ =)),1
"ngay cả việc cứu dân vùng lũ mà chính tay bọn cầm đầu ở trên thủy điện gây ra mà chúng cũng ko làm được rồi lại đi ganh ghét với những người như pa vì đã giúp được dân và dân ủng hộ,nếu như ở mấy nước đa đảng thì nó lật cái bọn chóp bu này lâu rồi,ăn ở ko rồi lại địt thúi",1
nick face chị này j cho xin với mn...,0
em có được ko chị 3,0
trần huỳnh như bạn dơ quá đi,1
sắp tuyệt chủng rồi.,1
thầy giáo nhà ngta,0
nom tưởng vệ đằng,0
té ra nó là thừng mặt heo à.:)),1
vải lờ thầy,1
đó là kết quả của nền giáo dục “ưu việt” của bọn vc !,1
cái đụ má lỗ gì mà lỗ hoài z,1
"""kết thúc chuyến nghĩ dưỡng cùng cty đầy cảm xúc cái kết chơi team bị đè sấp mặt bị bóp muốn nát tờ rim bị chấn thương lưng vào cuối cùng sắp có đt mới hận đứa nào đẩy ông xuống hồ bơi nguyễn vy hữu phúc nguyễn thủy at champa resort spa phan thiet""",1
vũ văn hiệp học trò như đách lồn :)),1
"""thịnh tấn nguyễn giống hà long hải vl hhh""",0
cực kì thuyết phục !!!!,0
"""chua đắng vl""",0
tuyên truyền sao hiệu quả bằng mấy cái băng rôn giăng kín lối ở xứ thiên đường kaka. ca còn uống rượu lái xe rồi gây tai nạn làm gương nửa kia,1
nguyễn tâm anh ai zậy,0
"""địt bố mày ngứa mắt rồi đấy chú vào ko gãy cụ mày hết răng đấy""",1
bán ba cái nước hoa xạo,1
"""cao đc cm chó đẻ vl""",1
"""ai tp hà giang đón nhau cái đê anh hợi haha is at tt vị xuyên hà giang""",0
anh and gđ cùng nhau nghĩ lễ vui vẻ nha anh ^^,0
"hơ hơ, ms c.an huyện mà bày đặt lên giọng. xin lỗi cô ba vàng mã c.an tỉnh nhà con còn chưa coi vào mắt huốn j c.an huyện. chú con là đại biểu quốc hội tỉnh mà còn ch dám lên giọng. nổ quá. đr, ở mĩ có bom nguyên tử hk nổ ms là lạ",1
:v,0
"""bé em vl lên dc fan cứng sẽ nhác cmt hahak""",1
"""nếu cs này vs bạn quá nhạt nhẻo đéo cứ thử một lần sống là chính mình đi ví dụ như siu nhân xanh lá""",1
oke a ơi,0
"""cười lên nào mickey oiii""",0
"""môi giới biên hoà nam đoạn nao cua bui van hòa vay""",0
"cắn ko đúng định hướng,ko đủ số lượng là nó đuổi chứ ko phải lấy 3 củ của nó mà dễ đâu mấy ông phản động ơi",1
"""trần băng băng kim chi cuong trên tiktok video ngắn của kim chi cuong với dna""",0
nguyễn thế sơn tớ cũngg công nhận là mix tiếng nhạc áp tiếng người nhưng mà câu từ cũng khá hay nếu nghe nhiều thì cũng ok,0
wtf,1
"""là con gái phải đep va trắng cac chị yêu oi mấy chị oi ai mua kem hôm nay được tặng quà nhà bông tai mặt nạ va hop kem thêm bé khach tuỳ chọn món quà nha cac chị oi môi hộp dc món nha kg bảo trân nguyễn my""",0
trùm cuối cmn hú vía :)),1
"""trần anh tuấn khanh ngan lô áo thun hàng xuất khẩu xuất dư các chị thích cho xin chấm nike drifit gym men sportwear shirt chất thun thể thao gym siêu thoáng mát chất in nhũ cực đẹp chuẩn hãng xl""",0
cô my ơi ở lại với e đi :)) kệ mẹ thg lozzzz ba gà :)))),1
2 anh nầy nói chuyện như 2 anh ngáo đá,1
nhac nghe chan vl,1
"""liverpool barcelona suarez giau vo hà giang gia nguyễn""",0
"""nguyên trung ba mẹ ngu đéo biết dạy tg ngu như""",1
truyền thống văn hóa tốt đẹp từ thời hòn dái viễn đông nhé :v,1
trend này thì thua :))),0
t k nuốt nổi thời trang,1
rồi sao mày làm đc củ c gì ... hay viết đọc cho hay?,1
"""lâu nay méo để mày sút hay vl""",1
ae 3/// cố gắng ở trong nhà tránh dịch nha. chết nó chôn tập thể đó. 3/// mà chết hết thì ko có ai ăn cứt cho mỹ đâu.,1
thuốc lào đấyyy,0
thầy be trình hơn khan nka mn :3,0
"nếu k có cái oto thì chả ai để ý ông ấy cả. ở vn này có bao nhiêu ông như này thì phật tổ hay chúa hay thánh ala cũng k đếm được. rồi khi vụ này chìm xuồng. có khi 5 10 năm nữa ông lại là tân tổng bí thư hoặc tân thủ tưong mới của vn và ông sẽ tuyên thệ trước hiến pháp vn "" từ bây giờ, tôi sẽ làm tốt trách nhiệm của tôi, còn chuyện cũ thì k bàn tới"". hết",0
trung trần vcc:)),1
anh ấy có kq âm tính rồi ạ.,0
hương thanh cái đáng mất nhất m chưa thấy đâu là tuổi thanh xuân của m.,0
nát cmnr,1
"ngày trước người nam kỳ chúng ta sống tử tế hơn, bây giờ có lũ ngợm tiểu quốc rau má và lũ ngợm thượng đẳng ngàn năm văn vật đi vào cướp của, cướp đất người nam kỳ, người nam kỳ chúng ta bị nhiễm văn hóa của ngàn năm văn vật của lũ ngợm lừa con hoang đ",1
"trần dần tiên tri người vn sẽ về 1 mối quá đúng lun , nhưng quên vc phải bị tiêu diệt theo tất yếu lịch sử vì chỉ còn vài nước nghèo nàn chịu luồn cúi tàu cộng lưu manh",1
"sao ít qá coi k đã j trơn, chị nói chị quay 1tieng lận mà cắt nhiều z, tập đặc biệt thời lượng cũng phải đặc biệt hơn chứ, buồn",0
lana trinh thế rốt cuộc nà mặc hay cởi đây,0
mấy con cá đấy gọi chung là quân đội và cớm :v,1
tự cắt nha mấy đứa,0
khoa giải trí tuyệt vời a lân ơi. ông nói diển thuyết  hài hước nực cười dẫu sao vẩn có năng khiếu,0
mẹ của con nè,0
thu hít trẻ trâu,1
lon me no,1
đm crush :),1
xa hoi tồi tệ,1
"""clm quả tự vỗ tay vl""",1
vy thao nguyen,0
về nước a nên vào tù ở trước thay vì gặp người khác xaolol,1
đm chúng mày,1
"""mẹ bán được tớ mời muốn gãy lưỡi lết cặp giò rã rời bán tờ ha ha đúng là giọng điệu của thằng ngu như con lợn""",1
"""vl xem chùa""",0
chị ba chim chật trai nó mê. rộng như cái cống trai nó chạy mất tiêu chị ba,0
"""đầm voan bèo tầng chất liệu voan lót giá sỉ hàng an đông trân trân""",0
"""nhớ cái thời đầy kỷ niệm bùi đức tân phùng minh""",0
nhìn cute thế anh,0
lê hải long thế sao dân vn k ăn chó trong mấy trang trại nuôi mà phải lén lút trộm chó thế hả bạn,0
trung nút vàng bá dơ,0
facebook của cô lan là gì vậy kiếm hoài không thấy,0
coin card :3,1
"""rồng lộn cặc""",1
lâm đình khoa kk,0
"""liễu lam lam ôi đm tao cũng thấy mk đẹp vl""",1
"đang chuẩn bị họp, 1 ông người tàu bước vào phòng,,, búng tay cái ""póc"" 10 thằng tàu nhỏ vác 10 cái vali tiền vào phát cho 1 bộ trưởng 1 cái ... "" mấy lỉ ăn đi và im mồm dùm bọn ngộ"" !",0
nguyễn văn nhã be bé cái mồm thôi bọn châu chấu nó có thể xuất hiện bất cứ đâu nhé =)),0
"""phụ huynh luông chiều con quá chả khác nào giết con thây cô giáo là người trực tiếp dậy dỗ các các sai mải chơi các thầy cô nhắc mãi ko đc thì cũng phải có biện pháp kỷ luật để các dút kinh nghiệm mục đích cũng là tốt cho các học tập tốt hơn rồi đây thầy cô giáo trong mắt hs hư là gì ôi dào tao đéo cần học tao cứ cãi đấy thầy làm gì đc tao đố dám làm gì tao đấy chỉ cần tao mách bố tao ông thầy chết luôn""",1
"""huy quoc đầu tư vl""",0
"dume. đầu óc đ gì cứ như gói trà túi lọc ấy, tinh tuý thì thoát hết ra ngoài, cặn bã thì ở lại",1
nhung loi phat bieu cua bac ! nhung nguoi dan chung ta duoc nghe cung bot hoang mang va them phan rat yen tam,0
"ý thức người văn minh có khác , cao chót vót đéo với nổi .",1
chuẩn mẹ rồi :)),0
ông  trần  dần  nói  chung  chung  . ko cụ  thể  !!!?,0
clm t lạy =))),1
việt nam chiến thắng,0
khia anh em vay toc truong,0
vn toàn thắng ắt về ta .,0
được vl a ơi,0
phạt cái *** cm,1
đụma chất vãi lòn há há há,1
hay quá bác.,0
lê nhật trâm khúc cuối quái vật táp đứt đầu kris,0
chi ba giao qua.chi ba dang o my ha chi ba.,0
"“ông già đem hết tiền đãi bạn,dm tháng này thiếu sữa rồi” :)))",1
bán dân để trá nợ,1
"""skaarf đẹp vl luôn""",0
lý do thằng ad sinh ra là do tôi rút không kịp,0
"""huỳnh quí mai nhi đi cl rồi""",0
bớt bớt đi,0
"""nhìn giới trẻ bây giờ cứ hút đá trôi ke bê kẹo tụ tập vui trà sữa rồi cướp giật bao vụ án đau lòng nhớ lại ngày xưa mấy anh em quây quần bên nhau chung cái kim tiêm chích xong ngửa mặt lên trời ngẫm sự đời vừa nhẹ nhàng vừa thân thiện lại không quấy phá nhìn mà buồn cho thế hệ giờ ae mỗi ng một nơi thằng thì xanh cỏ thằng thì mới mâm ngẫm mà nhớ entry đen alone""",0
"""set giáp người đỉnh vl""",0
quốc thắng ơ bắt bạn phải vào tl cmt của tớ à ơ lạlol ghê,1
"em nó vào tù chỉ vì ngu mà chết. chúng nó ở mẽo nhận đc gói tiền to to, ném tiền về với gói nhỏ nhỏ, đến lúc em này đc nhận chỉ là 200k và tù. ngu chưa con",1
thế thằng nào nhận lương từ nhà chúng mày,0
#mcvmedia #comeout #minhhiếu cười ỉa,0
"""taemkiênhuệ đi xa nhưng vẫn quên giao nhiệm vụ cho các bạn những con ong chăm chỉ của tui yêu các bạn quá tiệm tóc kiên huệ minh huệ nail ngoc lyna""",0
"""trần hùng ko ngờ fan barca ăn cháo đá bát vl""",1
trần thị nhung con ng chứ có phải con c** đâu mà suốt ngày nghỉ. hn bị tuần sau còn phải cắp sách đi hc nữa là chỗ mk. nằm mơ đi e,1
"""về vuòn đi ông sóm nghỉ để dân đõ khổ vì phát ngôn ngu nhu ông""",1
lol :))),0
"khi bạn thừa tiền, và ko biết làm gì cho ngầu =))))",0
ở nhà mong thủ đô khỏi bệnh đi học mà buồn quá trời,0
virus corona tuổi lìn :))),1
diệp đình huy phục cái địt mẹ mày,1
sao già xap xuong lô roi ma len mang chui chi vay that la xau hô,1
thằng assmin nhãm shitt...đành rằng page này là chửi. nhưng mày là assmin thì chỉ nên viết gợi ý thôi...để mem nó chửi...mày dành chửi kiểu đó thì chơi thế đéo nào...,1
chị minh hiếu dễ thương quá trời,0
trai hàn toàn bắt trước trai việt rồi lên sóng :)),0
"""ánh trăng lừa dối vl""",1
"""siêu phẩm nam dương huynh kiếp trộm chó làm nháy công không được bao nhiêu nên anh em rủ nhau đi trộm chó nhưng đen quá không sợ kẻ địch mạnh chỉ sợ đồng đội ngu như bò tưởng đạt thành mod thành đạt hải anh trộm chó nguyễn xuân trung anh chủ nhà vợ chó con chó foto hưng katj huynh anh""",1
bạn trẻ ở trên là acc của ad hả :)) nó chửi ad chứ có chửi m đâu kệ mẹ chúg nó đi,1
"hi, all students 2001.",0
"""đéo hiểu đi về lên fan cứng dỗi vl""",1
"những thằng nói đạo lí,thường sống như l^**",1
"""hp bao giờ cho xong thương lê thiên ân""",0
tui puồn gke ợ,0
địt mẹ thắm :)),1
gọi mấy thằng ca là phải dí thẳng tiền cho chúng nó.ko là đến già chúng nó cũng chả quan tâm,1
mấy thằg óc chó,1
có mỗi cái phòng 4m2 làm thế giới riêng tự tay sắp xếp mọi thứ cũng đéo được yên,0
sau khi ông này khỏi bệnh nên cho đi khám não,1
mượn song được thông ass không,1
xin clip,0
"""đan đan đụ cũng đúng nhưng mà ngoài đó ra thì nhiều cái cần hơn ví dụ như đồng hành những kế hoạch mua sắm đồ trong nhà kiếm thêm thu nhập vợ chồng cùng đi chơi đây đó nuôi con chia sẻ và dìu nhau đi quá nhiều thứ để cần nhau chứ không chỉ để đụ địt nhận xét cái hình thì ông chồng này chắc canh lúc vợ ngủ chụp nếu vợ có xấu xa mà đi bêu xấu vợ như vậy thì đáng mặt làm chồng nhưng cũng phải xét vị trí của anh chồng xem nội tình ra sao""",1
ad não ngắn vl... đó chỉ là fb giả lợi dụng trường hợp con bé mỹ linh kia để câu like page thôi. ngu lắm ad ạ!!,1
"thương anh í quá, sao chính quyền không cho ông cách ly ở nhà tang lễ cho tiện nhang đèn, hòm gỗ kèm nến lung linh cho ấm áp!",1
"""nhan pham chán vl""",0
thay vì ngồi xàm lol,1
"""thê mâ chu tươ ng vn dê ăn lă ahahak vê han phau thuat lam gai het di""",1
chuẩn giáo án cặc to,1
con sờ ầu ói dòi oi chấp làm gì con âm binh khí đụ tụ hình rạch trời rơi xuống kia hả bạn tôi ơi,1
co mupn lam the nap thi la,0
bk loạn vcl,1
"""hay là di cắt tóc nhi""",0
@phan ngô kệ cđm mày nói tao làm cái lồn j tao chỉ muốn nhắc nhẹ thôi tùy mày,1
nói làm lồn gì để rồi bị chửi =)),1
cực kỳ and vô cùng thuyết phục,0
"tâm nguyễn phát ngôn đúng chất \""não cứt\"" . người việt mà đéo về việt thì ông muốn họ sang trung quốc à ? giàu thì cũng tiền họ làm ra , có xin nhà ông đéo đâu ? họ về đéo ảnh hưởng đến đất nước là được . ý kiến cái đéo gì .",1
"""củ khoai bảo hành còn tháng ới em nhé hỡi các tình yêu""",0
"có một sự tồn tại của đàn bò mang tên "" cực kỳ thuyết phục "", có sở thích là nhai đi nhai lại, mục đích của chúng trên hành tinh này vẫn chưa có lời giải đáp, theo như các nhà động vật học cho biết loài bò này có lối sống hoang dâm trụy lạc, có thể động dục bất cứ lúc nào, con số của loài này đang được gia tăng đáng kể vâng và hiện tại đám bò lạc chạy sang tận đây rồi",1
"""chị phanh đm béo vl""",1
"""nguyễn mến lại đúng vl""",0
châu minh đặng tâm thần có hệ thống,1
"""hộ sinh ngô quyền chăm sóc sức khỏe sinh sản trọn bộ bí kíp hiểu về bé tháng tuổi cả nhà click vào từng hình để xem nội dung chi tiết nha""",0
"""bao giờ quẩy được minh nguyễn thu huyền""",0
"""trúc linh xinh vl""",0
"""anh em trong hội ai có gà tơ khủng long trên kg cần thanh lý ko gà chỉ cần bự kí ko cần biết đánh nhau ai có dùm gà tơ nhé ae ko mua gà già nhé thanks""",0
cất con mắt lé vào đi r nc vs chị hiếu,1
thế giờ ad có chỉ đc tui xem nn này có ccc gì mặt tốt không? có mới sợ đó =)),1
ai đang bị ung thư đăng kí vô...nguoi nhà lãnh,0
cmt xem còn fan cứng k,0
vlol v:))),1
hqa mới ngửi mùi của sena nên nghiện mùi đit. hả thầy=))),1
"""cùng em đi qua bao con đường""",0
"""tấu hài quá đà vl""",1
"""nguyễn thị cẩm tiêntiên vô chấm mà chửi như điên ngu gì mà ngu qtad""",1
mong con mày không ngu như mày,1
"""anh lan iu mày vl""",0
kệ cha chúng mày mọi việc đã có đẻng và đám bò đỏ óc bò nó lo.,1
đây là một vấn đề hết sức quan ngại,1
thằng này nó chơi với tiến bịp hay sao mà nó lại k xanh chín thế ông nhỉ :)),1
nản ba gà thật sự,1
chôn sống nó đi,1
trường atlantic ib b ơi,0
"đm! thắm ơi! lâu lắm rồi ko chửi bậy trên fb, cơ mà đang cú quá, đéo biết giải toả ở đâu cả, viết ké ở đây nhé! cái đcm nhà m nữa! add bố m, bố accept xong lại chặn bố à? đcm! hl thế? bố đéo rảnh để quan tâm chúng m ăn uống ngủ nghỉ chơi bời thế nào đâu! ranh con đầu bà cmay! chỗ cm rảnh háng vào làm mấy cái trò ăn cc như thế à? cái đm!",1
ý thức :,0
miền nam thì cố ko cho ng trung quốc trúng thầu còn ngoài bắc thì ...,1
nguyễn trọng thái xạo lol vừa thôi,1
chị nói dễ thường quá,0
tôi của 30 năm sau các bạn ạ,0
nguyen dương thi thuy làm quai đeo trên lưng mỗi lần ra đường này,0
thầy thể hiện con susan này ở allstar nha thầy,0
"xem công an và báo nó rãnh hơn nè ! thông báo người ta lên kiểm tra xe mang theo giấy tờ nhưng mà toàn bộ xe giữ chả có thông tin gì ....vậy mà cũng tốn mấy trang báo để đăng !... nói ngu thì kỳ nhưng chắc vậy gọi là "" đúng quy trình "" nhỉ !",1
cô này có xuống 8 tầng địa ngục cũng ko ai tha thứ đâu các bạn ạ,1
"""ầu mùa ăn cứt cuối mùa ăn phân chỉ có thể là lũ chó man ngu si đần và bọn loser ăn cứt óc chó""",1
"""ai trẻ con có biết bài viết này đang nói lái phi công nào không lắp não zô nói chuyện đi không nói thì không ai biết mình ngu nói rồi mới thấy mình ngu thật hehe""",1
hi vọng chị kế toán ở bên đó..vẫn luôn khỏe và luôn vui,0
má,1
"t đang nợ 1tr, thêm chỗ này là 30tr à :(",1
"""lê thị bích ngọc thu ngài hà nội nha""",0
cái quần nhìn tục thấy mợ,1
"""nguyễn tuyết nhi quen vl""",0
lại là qn của mình :(((,0
mat lon linh ca loc nay choi xuong lam,1
phía bên trái thì thấy 2 ông csgt đang cầm kẹp tài liệu và 1 phụ nữ đang cầm di động,0
gia cát lồn =))))),1
facebook cô mình hiếu là gì vậy mới ngừoi,0
"""trí hiếu gắt vl""",0
fan cứng?? thầy lồn cho tao fan cứng chúng mày ạ .. yêu thầy dấu bé ba = )),1
dô văn quá!,0
"""chịch ỉa chịch ăn kinh khủng vl""",1
và chúng ta lại có biển trong đất liền,0
ở úc cũng thế chăng hung vu,0
"""ngang nhiên đạp nồi cơm nhà người khác bao gồm cả các đồng minh chủ chốt và các cường quốc đối tác tất sẽ bị phản đối qua rồi thời mỹ muốn làm gì thì làm ảo tưởng sức mạnh khiến người ta mù quáng liên minh châu âu lên án các lệnh trừng phạt của mỹ đối với iran trung đông tuyên bố chung của anh pháp đức và eu nhấn mạnh rất lấy làm tiếc và quan ngại về quyết định của mỹ không gia hạn quyền miễn trừ đối với hoạt động trao đổi dầu mỏ với iran""",1
suc vat là có thật,1
"""có cl ấy tin người vl""",1
"""lên fan cứng hãnh diện vl haha""",0
"""kim kim hoa trần mỹ hoa trần mỹ shop hoa trần mỹ đầm rút eo giá xuâ sư ha ng thiê kê châ liê cotton lạnh màu vàng hồng size freesize dươ kg khách sỉ ibx fb hoa trần mỹ zalo tuyển sỉ từ sản phẩm tuyển ctv chiết khấu theo từng sản phẩm""",0
"""giờ này có ai nhậu cùng mình hông hê út ss nhất ss nhà ss excited""",0
"""lời nói chỉ dùng để nghe cho vui tai hơn hết vẫn là hành động""",0
"""body cream cứ bảo không ưng thì hoàn tiền nhé trắng mướt mải cực mịn và khô thoáng ko loang bết trôi khi gặp nước dưỡng trắng chuyên sâu hồng hào trắng mịn từng tế bào da bầu bì an toàn tuyệt đối chống nắng bảo vệ da tối ưu hộp hương bê""",0
"vào đọc hộ cái xem từ bh,thiển cận vcl :))) auto chó hùa",1
"""đã chơi cơ bản thì lối chơi vẫn như cũ thay đổi gần hết hiệu ứng trong game tiếng động súng skin item độ giật của súng cũng khác đường đạn to hơn nhìn khá thích nhắm xa vẫn nhìn thấy vị trí đạn bắn hụt thêm cái bình màu đỏ chả biết bình đéo gì nhưng thấy khi ngoài bo thì vạch máu đéo mất mà trừ cái vạch đấy hình ảnh map khác phòng chờ thay đổi""",0
sắp tè le hột me hết r chứ ở đó mà tính hàng chục,0
"có anh độ, tết lúc nào chả vui",0
"""quỳnh hương bẩn vl""",0
ủng hộ abe,0
"""thiên sứ lạ đúng rồi""",0
"@bé hoan banana tự nhiên kêu nó câm , m có vấn đề về thần kinh k",1
"""vú hình bậc thang lun gê vl""",1
"tâm nguyễn bỏ mớ tiền ra thuê hẳn một cái máy bay riêng , đi 1 mình thì lây ai , lây cho con mẹ bạn à ? thông tin trên google sợt là ra cũng đéo chịu tìm hiểu , vào đây chửi adua phong trào . \""đạo đức rách\"" mà cứ ngồi đấy mà nói đạo lý .",1
chị ba thử đăng video chửi tổng thống mĩ đii,1
fan cứng :)),0
như mấy ng ae bên trên.. :)),0
top1 ca sĩ nhưng k biết hát :)),1
nhã my lê em chồng tăng thanh hà á,0
"""đêm khuya tuyển sỉ vũng tàu nhập hộp tặng hộp pass đơn hộp nhanh gọn lẹ chính lee energized""",0
cái kết vẫn là nổ tung cả giàn khoan gần chục nghìn tấn phạm vi nổ thì siêu to khổng lồ =)))),0
nam thành cmt của ông kia chỉ mang tính chất vả vào mồm mấy đứa tự nhục lúc nào cũng nói nhật là số 1 nhật là is the best từ đó cho ta thấy thì nhật cũng chẳng phải tốt đẹp lắm,1
"""ăn particl part đã list sàn bittrex upbit probit toàn sàn khủng có ví riêng nhận part khi đăng ký và xác nhận mail ref nhận ref nhận bước đăng ký và xác minh mail link bước tải ví particl desktop tạo ví và lưu key chuyển đến tap receive private address copy địa chỉ màu xanh gởi tên mail đã đăng ký và địa chỉ đó đến friends particl io đợt phát thưởng lần đầu là hổ trợ admin tinmmo đừng quên join kênh và pin to top group""",0
con chó phải không,1
dân indo m chọc mù,1
"""ngọn nến lung linh tao chả cần hiểu làm đách mầy là cái quái mà dạy đời tao""",1
con cẹc,1
nhân cách thua con gấu bông nhà t,1
"""mình lấy cái màu trắng xám dg số kp bình hcm""",0
truồng từ tử vô hại mà .!,0
"""ace nào có xác điện thoại đời cao hỏng vỡ ko muốn đi sữa nữa bán lại mua nhá mua tận nơi tại khu vực đà nẵng giá cao mua điện thoại rơi vỡ đập bể mất nguồn mua điện thoại nứt kính hỏng màn hình mua điện thoại rơi nước khóa icloud vv các loại iphone oppo sam sung huawei xiaomi vivo tin nhắn fb cho nhé""",0
"""lân kevin thôi mày cứ sủa tiếp đi tao nản mấy đứa ăn cám heo như mày lắm rồi việt nam thừa sức phát triển hơn sing còn mày thích cãi cùn thì tao đây cũng đéo rãnh ngu nhu bò nói ra là biết rồi đi trước năm hài vl""",1
"""xe gà tập đi cho bé yêu xe gỗ tập đi con gà xinh xắn và dễ thương giúp bé nhanh biết đi và điều hướng khi di chuyển có tiếng con gà cục cục phát ra vui tai giúp bé hào hứng hơn khi di chuyển và dạo chơi với bạn gà chất liệu gỗ tự nhiên an toàn với trẻ tháo lắp đơn giản vận chuyển dễ dạng""",0
giống sương sương,0
bà vanga ko phải là đối thủ,0
"""dkm manh động vl""",1
đéo biết m nổi tiếng như nào nhưng thái độ m đáng tử hình,1
"cai kenh xam lol,phong vien nhu cc,tien tri dien khung,toan la 1 lu virut",1
đíu tin được luôn =)))))))),1
"""mày phát biểu như vậy thì chắc bằng ts mày là bằng tr ngan rồi chó ngu mà sủa thì ai nghe nổi""",1
mấy cái người mà kỳ thị lgbt thì quá là lạc hậu. chết 1000000000000000000000 kiếp cũng chưa hết mù nữa,1
"""tìnhnhư giấc mộng tan tuổi""",1
"""sing hay thái ae cho em chút kiến thank ae""",0
thìn thần,0
"""bài tập về nhà thế này các trò lại xin thêm về chứ""",0
abe phải ghép vào con gà mới chuẩn =)),0
cái này hỏi mấy anh chống tham nhũng,0
cô ơi cô có dòng họ vs hồ xuân hương không cô:)) cô nói gì 1 tỉ không bằng vải chùi âm đạo của cô hả  vậy trước tiên thì cô thay lại cái áo của mình đi nghe cô dù sang cở nào thì cái áo là nó làm mất hình tượng hết đó cô ơi ...,1
an noi mat dai,1
"""suối có ghẹ tài vl""",0
"""hoang phi duong được thế thì còn gì bằng quỷ sứ hà""",0
"clip của thằng mặt lồn vks long an yêu cầu ""giết quách"" hồ duy hải vì giam giữ ""loại"" này ""rất cực ảnh hưởng đến tình hình an ninh chính trị""",1
"""cô mắm mood corner cuộc sống em là thế hạnh phúc là điều chưa hề cre on vid""",0
vét trắng đẹp đấy,0
nghiệp từ đó mà ra,0
"bói ra ma, quét nhà ra rác",0
"""cuối tuần bên ông ngoại đôi canh thiên thân huệ lương""",0
"""mỹ chănn biển muối vl""",0
họp thò thụt,1
lúc nào tới đoạn gay cấn cũng nghe nhô nhố nhô nhố =)))),0
"""bình cái éo chi còn éo chi nửa mà bình tĩnh tham quan bán hết rồi chuẩn bị mà làm no lệ cho bọn tàu khua di""",1
cc abe,1
có cc ý :)) tin người vl,1
ghê chưa ghê chưa,0
"""văng hết ra ngoài thì sạch vl""",0
bao vu,0
cặp bot tấu hài vcsb,0
"""là cái dell mà ồn ầm lên trần sỹ tài xamf ám ảnh vl""",1
thông đít hàng ngày :),1
"""miếng lót thấm sữa pigeon túi to đại nhiều miếng lại đc cộng thêm miếng dùng thích mà pigeon nhật thì an toàn lắm lun""",0
"""có những thứ đến lặng của một ông già mải chơi lấy xe cộ làm vui con gâu làm bạn và rừng núi làm chỗ chơi""",0
họa mi cao bằng ngừng hót mấy lần,0
để cho khỏi rãnh rỗi đi chống phá,0
